{
  "project_info": {
    "project_number": "115526196282",
    "project_id": "africabank-2d3f1",
    "storage_bucket": "africabank-2d3f1.firebasestorage.app"
  },
  "client": [
    {
      "client_info": {
        "mobilesdk_app_id": "1:115526196282:android:3161398215b6c1fbe36903",
        "android_client_info": {
          "package_name": "com.example.africabank"
        }
      },
      "oauth_client": [],
      "api_key": [
        {
          "current_key": "AIzaSyCCSW5mEIWv-HK_Wp2rMXRjHq0-SrBTF7g"
        }
      ],
      "services": {
        "appinvite_service": {
          "other_platform_oauth_client": []
        }
      }
    }
  ],
  "configuration_version": "1"
}